{
  "num_tiles": 15,
  "best_mse": 0.046961198250452675,
  "worst_mse": 0.13028225675225258,
  "median_mse": 0.06618413298080365,
  "mean_mse": 0.08037985492911602
}