{
  "num_tiles": 15,
  "best_mse": 0.06639666731158893,
  "worst_mse": 0.19855947916706404,
  "median_mse": 0.10790042020380497,
  "mean_mse": 0.12491491180327204
}